{"cameraMode":{"drawMode":0,"name":"Shaded","section":"Shading Mode"},"sceneLighting":false,"audioPlay":false,"sceneViewState":{"showFog":true,"showMaterialUpdate":false,"showSkybox":true,"showFlares":true,"showImageEffects":true,"showParticleSystems":true},"in2DMode":false,"pivot":{"x":-0.832793116569519,"y":-0.3073708415031433,"z":0.058551907539367679},"rotation":{"x":-0.14219902455806733,"y":0.6433529853820801,"z":-0.12328588217496872,"w":-0.7420760989189148},"size":2.643939256668091,"orthographic":false}