{"cameraMode":{"drawMode":0,"name":"Shaded","section":"Shading Mode"},"sceneLighting":true,"audioPlay":false,"sceneViewState":{"showFog":true,"showMaterialUpdate":false,"showSkybox":true,"showFlares":true,"showImageEffects":true,"showParticleSystems":true},"in2DMode":false,"pivot":{"x":-6.646999359130859,"y":3.076521396636963,"z":2.2167210578918459},"rotation":{"x":0.03961026668548584,"y":0.5558090209960938,"z":0.026526926085352899,"w":-0.8299422264099121},"size":20.544891357421876,"orthographic":false}