{"cameraMode":{"drawMode":0,"name":"Shaded","section":"Shading Mode"},"sceneLighting":false,"audioPlay":false,"sceneViewState":{"showFog":true,"showMaterialUpdate":false,"showSkybox":true,"showFlares":true,"showImageEffects":true,"showParticleSystems":true},"in2DMode":false,"pivot":{"x":-11.824999809265137,"y":-2.3789122104644777,"z":3.086897611618042},"rotation":{"x":-0.07297267764806748,"y":0.6285992860794067,"z":-0.05941982567310333,"w":-0.7720150947570801},"size":13.860992431640625,"orthographic":false}