{"cameraMode":{"drawMode":0,"name":"Shaded","section":"Shading Mode"},"sceneLighting":false,"audioPlay":false,"sceneViewState":{"showFog":true,"showMaterialUpdate":false,"showSkybox":true,"showFlares":true,"showImageEffects":true,"showParticleSystems":true},"in2DMode":false,"pivot":{"x":-0.4000000059604645,"y":0.9800000190734863,"z":4.079999923706055},"rotation":{"x":0.20752574503421784,"y":-0.6201784014701843,"z":0.17486372590065003,"w":0.7360262274742127},"size":0.14289432764053346,"orthographic":false}