{"cameraMode":{"drawMode":0,"name":"Shaded","section":"Shading Mode"},"sceneLighting":false,"audioPlay":false,"sceneViewState":{"showFog":true,"showMaterialUpdate":false,"showSkybox":true,"showFlares":true,"showImageEffects":true,"showParticleSystems":true},"in2DMode":false,"pivot":{"x":-3.119999885559082,"y":3.9739999771118166,"z":3.0199999809265138},"rotation":{"x":-0.2689906358718872,"y":-0.246493861079216,"z":0.07142207026481629,"w":-0.9283230900764465},"size":4.041658401489258,"orthographic":false}